-31.00339,-26.808659
-32.860134,-26.41124
13.5731535,-23.758123
1.117407,28.056904
3.7581408,31.710138
20.764547,-21.886745
-47.33233,14.172379
-19.500912,-26.750956
-41.46371,-35.683655
-21.063112,-16.815193
36.257015,14.2150755
-23.602558,29.048157
-30.333174,5.1099024
-31.822325,-14.9164505
25.43821,19.150242
-3.5968263,4.232801
-19.2875,22.552694
9.535926,-18.139147
9.310799,-18.147028
-46.947002,-6.583223
12.296323,20.743101
18.327702,2.5272868
-48.268894,-7.227077
11.698144,-28.063143
53.40266,2.6394827
-19.408056,17.526228
-5.734531,0.93622833
8.956448,6.603455
-19.356676,5.7442493
-22.756088,7.796305
4.0722184,35.173195
6.9465537,32.386528
-16.182976,13.9398155
-27.531654,-10.120397
-2.5134537,-42.920277
-16.45074,41.13768
40.879913,9.111568
5.8317275,40.954285
16.718128,2.4852333
-3.8013544,29.107836
-8.377575,32.662228
-32.640057,20.668177
-49.433468,-7.4304624
5.242233,19.36589
-17.343122,9.718331
-6.212215,-1.1158017
1.7201821,-0.9499621
-32.020073,35.99157
1.8987315,-19.677067
-33.05071,-10.000578
-31.516085,32.23943
-16.38642,-27.98217
3.7609916,-37.87979
-43.59763,12.311525
-22.868832,-30.02645
-13.935099,-32.6447
-14.469736,-31.858921
-21.042507,-37.726345
24.472847,6.856316
0.0830047,43.958553
-0.6378661,-18.678064
24.577682,-2.6590896
4.052404,15.459153
2.289937,-0.106172785
1.8854885,15.694822
-11.407598,14.901545
9.389834,-1.9967387
-27.99254,5.690757
11.282205,-23.013744
-5.280218,-15.955591
-18.90412,9.415458
1.7335014,0.16055217
1.6839794,-0.24997692
52.3844,-5.613225
-45.69288,13.922923
-36.100533,-16.647636
-15.600573,10.072791
-4.9550676,6.2904
-32.713737,6.6850343
-40.09767,5.5192356
-39.12757,-9.699125
-35.192024,-6.137586
-41.923332,11.6001215
-39.7614,-34.222256
21.84472,-34.99113
-43.23906,19.0475
-24.73436,14.692692
-48.031773,9.238043
0.58094263,-0.08306105
-13.170351,22.890135
-22.930368,21.561897
-25.673468,-0.91321445
51.46916,-19.181961
9.850883,-10.353192
-32.645103,-12.975823
50.599327,-5.9445186
15.757519,23.62524
-33.573803,-3.1328936
-15.570401,12.122215
-17.33114,32.51417
13.669213,-1.6547277
15.537373,25.33796
-12.603379,-40.94284
16.647425,-12.250476
33.618145,1.7058717
-10.124102,-11.949983
-29.71229,-9.423577
-13.793402,-20.730278
-14.189359,-11.555231
-18.575874,-14.26534
-17.351553,-37.25147
-17.46791,-38.941883
37.029293,17.024717
-29.361422,-7.3482876
36.69015,21.897705
-1.2198714,-2.0358157
25.011883,-15.889071
-20.227413,2.097533
-10.537852,-46.62079
29.045397,16.72109
26.348455,17.027313
35.50937,26.94548
21.871485,-1.6539838
-4.063671,17.119734
-47.01831,10.215865
43.06404,3.0886316
-11.727243,-14.592507
-34.136795,-9.008977
19.559383,-2.8723445
4.362261,16.921455
-37.849438,-40.150005
12.666777,28.426844
6.319104,37.28791
14.521408,17.606173
5.3001122,-15.579213
16.268936,10.439084
6.210964,35.322437
40.512234,5.6034408
44.78195,-3.0644753
37.12707,0.23511672
3.3423789,-25.682013
0.8835329,36.115566
37.928616,21.118553
36.907806,18.968393
22.98798,-2.015641
28.911818,-13.962622
23.724508,-32.9997
38.63179,1.9767675
-36.323242,21.066185
-33.69664,7.5105443
-2.3286016,-26.375473
-19.338266,-12.409912
-27.488052,-38.82333
-25.05763,-10.466716
53.402203,17.425035
40.157017,16.937937
30.396963,-9.848743
-22.699121,-21.924284
47.29056,-1.9368869
56.28321,13.416436
23.745962,-9.521974
32.354195,5.258177
52.835598,0.5088075
46.626926,-3.9584482
35.412464,8.9448595
14.127621,28.145714
-44.29929,-31.311571
-0.025936784,32.722763
-0.050452393,32.71916
35.92578,-24.091612
49.990337,-1.7924156
-30.350231,-5.6818924
-6.5577197,10.444412
-7.0301995,11.02705
35.51611,19.004963
-41.979294,-34.42141
-2.2011232,-43.71351
-30.04455,-11.197765
18.860645,1.2400602
34.7163,14.177683
-19.837206,2.4423208
-18.142881,-22.060156
-12.680721,8.469318
-11.459911,-15.546901
30.837294,8.511313
-19.351313,-16.4656
-9.733531,7.7206907
-45.371094,9.668697
14.935,-15.608226
25.845749,6.574227
2.172414,12.181261
-15.693481,-19.929554
-41.91645,-36.759136
5.1372337,20.407972
-28.578537,24.473803
8.894942,-11.637691
-34.154507,12.251377
8.852938,26.039436
9.031644,25.465782
-32.695995,-24.916065
4.3833976,6.558893
-29.117094,-3.0042405
-11.556599,-29.24118
31.846802,6.819368
11.422902,-6.8597083
6.5032043,5.970082
-27.361437,11.717132
-47.725185,8.449232
-37.53337,24.024157
-37.80904,-31.72982
-33.573845,-19.731813
-41.76973,-11.019902
-38.702362,-34.033813
19.768011,12.131535
-35.601254,-33.21293
-38.178677,-30.843897
-4.2845793,20.20413
4.4326653,0.47742727
-41.68526,-9.299756
8.783422,26.623087
-52.93141,-1.9183611
-4.4414487,-20.371437
-23.28984,-25.29538
-4.795369,34.305264
24.43421,-25.15904
-15.049741,12.317633
-4.6292043,-0.44063044
-16.988914,35.613026
42.857452,6.6113167
4.3646865,12.644833
23.97382,-7.4092364
32.787045,25.28567
19.704992,25.26309
-3.3923705,-12.408438
37.840576,-14.162274
-17.186014,-1.62268
8.939817,-48.269947
28.186884,-3.559594
56.467804,16.779064
-15.927332,0.75544226
44.676693,-17.210903
-33.716496,-10.61276
28.057243,-4.427132
15.5526495,3.8035703
43.87135,8.685321
1.4886298,28.19539
41.75576,4.0239043
3.0115492,-2.9203932
-33.813828,-6.568225
51.7302,18.634502
-30.324453,34.20196
-8.228992,-24.525457
14.223962,13.204298
-36.08165,14.30144
20.611814,-2.8661468
47.59205,14.528035
14.883294,-11.944418
44.09445,0.7941316
-37.384953,-5.020638
5.9769154,-23.693846
7.3905635,16.940968
2.2150035,10.732423
-49.98123,8.641945
-7.184002,-0.59352726
-12.314108,30.53833
-20.199945,-34.881855
45.23689,-3.6522963
-35.723625,27.258694
-1.0022877,-46.46912
-4.154181,20.273663
-34.80574,-18.736069
-17.653656,5.495719
-20.030405,-2.9963243
-34.54842,11.620542
6.1470075,2.7288673
12.806298,15.395978
-13.871127,32.882256
18.97428,-5.6838245
46.80573,-0.92720395
50.66996,12.693385
33.774044,6.798015
15.87835,-12.734193
33.553795,24.661335
-18.392027,-30.035336
-26.992462,-25.039362
23.152422,-9.495493
-35.538445,-2.4429743
12.21747,-2.4503553
27.803291,-2.8098447
-29.194012,-19.862062
19.505875,-15.081664
-31.102877,-30.089624
-19.970175,-18.57823
-52.889362,-1.9211375
22.355162,-32.69078
-26.5148,-26.27108
22.559465,-10.880166
11.1642685,7.390835
-15.895361,32.09029
30.757465,-19.83542
-18.134514,33.154694
-39.518642,10.878659
-27.426481,17.004885
-32.125885,35.131977
29.454401,3.8171537
33.437767,24.730042
-19.994984,18.724949
-15.92544,0.7942153
20.716715,0.5729459
-2.8190289,-10.466031
-35.222553,-9.9390545
32.668488,31.41833
12.449114,2.1620262
-38.50582,0.3595879
-44.05685,-13.521921
-48.091454,2.6154237
-40.538948,-0.15732332
52.92422,-3.846065
-42.566227,-16.379889
-29.25786,-1.8333917
-28.721128,33.31662
-19.34889,-31.50412
-2.179617,-37.045933
-42.55933,-16.40275
25.434973,19.208055
56.15352,18.80983
10.625865,-28.143934
-40.998253,-34.455784
-4.6585965,-22.687948
-40.74566,-34.329586
11.762612,-34.464832
-33.924107,36.69104
21.602053,9.064892
54.724934,1.9126494
-31.055925,9.186485
-22.282005,19.843885
24.130636,13.904842
24.533224,29.30927
7.1572366,0.4312181
-28.881702,35.73548
0.33526763,-20.04045
40.812393,2.355328
31.282091,-21.64642
-10.058708,-22.418064
-22.069681,-37.165455
-15.426125,-35.991226
8.448601,17.383307
-44.456745,9.757356
-4.8073115,-25.070694
-10.837731,0.72330475
-3.7523942,-4.1058106
-23.803219,-19.515549
24.881943,14.751819
31.789612,16.642
-25.115189,24.441559
-49.27419,5.828557
-27.927593,-25.458637
26.601938,-10.958479
32.26153,8.436398
18.299185,21.908335
-10.298508,-31.1801
-26.443645,5.9781165
15.649842,-3.6328816
-29.921595,-40.203465
-11.534301,-49.280308
51.504883,-7.339568
-22.26637,-8.714453
17.301285,2.3523667
-50.02769,12.115823
23.532372,-9.880063
-2.1961644,-10.225441
-11.367291,-16.394497
-45.61103,15.208799
-6.2068963,-37.131893
-0.15966147,40.010605
21.571144,-19.107615
38.420338,-25.199718
11.39453,-9.591033
38.536686,-25.234425
-28.788624,33.318386
23.97382,-7.4092364
18.191193,13.710471
-22.670227,11.973158
5.803239,12.406214
-14.36142,0.0003217188
-7.3687553,22.160975
-31.811346,-21.565329
13.656415,-10.123782
-0.9315412,16.117908
-17.646643,1.8835685
46.51232,5.524529
48.720737,1.9077243
7.1651225,7.5010357
48.098602,2.6945438
18.735899,-14.43245
-29.985693,-30.180136
-44.156513,-0.28746587
-36.050144,-18.483206
-42.94451,-27.855999
-24.784424,-14.822117
-26.166569,11.368591
14.368448,-4.394368
5.9210286,-18.99618
-16.483856,-8.328637
-3.8073754,8.855971
25.151749,-16.56266
34.28954,-2.2088466
25.235275,30.03987
-9.441258,38.390762
-16.366577,3.935529
51.981846,9.898555
25.294363,-16.040106
-47.84132,-6.4901733
42.899296,9.102014
-19.313766,17.384892
-21.793653,8.732151
-35.37239,-31.204504
-3.8904018,-6.629377
23.73283,-25.721807
-6.0736074,4.9078937
-9.190759,5.3146224
-25.770933,-20.20939
-33.207462,-33.913315
-5.52072,-7.6069875
51.94199,-8.804226
-26.938711,-29.661509
-1.8213173,-19.998615
-38.944016,-38.305805
-31.80873,7.6879077
-1.1024892,-14.41289
-26.794516,-2.486936
-1.0251472,-10.271909
-27.158648,24.749725
-26.539618,-12.884394
-40.50434,-35.710835
-21.855925,7.4375777
-49.29532,3.5400298
10.427851,-34.92381
19.745226,12.158405
-2.3302295,-31.805534
32.864464,-17.773102
24.714205,29.289146
24.923737,-37.487747
19.785307,-31.136097
9.498236,-14.661081
-1.80853,-30.592604
-40.817352,-30.249434
-2.4861145,-30.712505
15.829104,-32.989254
-17.381836,-6.2534237
19.14913,-29.40664
-5.6611586,-9.627309
49.96087,6.809883
26.307325,-19.950964
13.597545,-8.384205
-32.41756,7.4686637
43.23762,-5.7834883
-46.277462,8.390629
-11.910121,-11.924632
24.75358,28.897013
15.431735,2.9206195
19.549465,-4.5153294
23.986618,-31.157751
-2.9092464,-14.691275
-6.6779943,-34.421673
1.3527921,-29.005566
55.965702,11.263694
-3.6221485,-30.156189
-32.638485,-12.078739
-2.67804,-28.638853
-0.79570735,5.171384
-32.1872,-13.008729
11.948249,-12.326501
47.850006,16.064579
18.410275,-28.444656
-0.84087336,4.9576607
-19.219868,-5.340414
-31.140074,-35.50557
-27.534168,-40.312515
-19.349575,-1.1606061
-39.07259,-38.18767
-5.26357,5.6173263
-2.0910132,5.0013595
20.031385,-3.6914537
-10.736199,-6.7431827
53.573467,10.580741
53.39,-18.474152
11.172967,-20.20844
51.90249,-19.389238
24.789915,-32.722595
-8.460353,-27.3409
-35.09511,-8.277339
50.110306,4.434665
9.699083,-27.933035
-22.982124,12.731332
-41.753426,-10.4449415
25.41761,-10.252016
17.100286,12.711193
25.025345,-17.176292
-17.290684,-18.603155
-11.880321,-40.98263
-8.302437,-42.07828
-30.327723,-1.4381565
24.86851,-30.340742
50.32269,11.551754
-2.2691061,-29.899464
6.202287,16.86561
-30.758291,-41.471436
14.442623,-29.480991
56.545338,13.303435
-2.7463927,-30.249834
-31.950014,13.474722
24.804214,-15.472344
-25.527498,-30.013605
-33.6665,4.1712694
-34.77613,2.934666
12.857247,-0.30218634
4.5120244,-20.989191
5.0410347,-16.20669
-30.792152,-32.490738
-6.780416,-37.080254
-17.53473,11.576644
-22.914116,3.408141
-23.378942,3.0272536
18.30778,-8.849711
3.5092242,-10.375229
46.759357,4.753442
15.250383,-14.545986
42.30811,8.314461
-27.630156,-29.638058
-31.926607,-16.621859
-6.3201394,-36.276276
18.15538,3.5062284
-24.021698,1.0287256
4.61729,14.094504
-46.84046,-16.719196
-35.318806,-31.348614
-35.100487,1.8158307
43.233444,8.113905
39.520065,0.4214853
11.764299,16.58578
-43.360783,-6.6886187
13.18682,4.7624135
41.892403,-0.118315995
-33.57991,4.577105
-13.096958,-23.1469
-34.619743,5.1789913
37.930073,24.698189
-34.57419,3.9990304
-21.57389,-12.230768
36.75581,9.989503
-5.0103,-15.847827
0.084118694,-16.717201
45.61095,9.864272
-20.972466,-12.982144
8.134518,-16.915314
-0.751293,7.831483
-24.246035,34.63937
16.122665,37.83416
23.645472,-24.136932
18.346218,-0.43985498
-20.68203,12.898423
51.67662,17.554321
-18.287462,-19.838018
24.905806,31.563927
13.473961,10.810463
-23.95676,34.557774
-24.62129,-26.908554
-7.441885,-0.3240093
-24.907623,-15.085198
-9.351531,-4.3746457
27.486097,18.774395
12.112649,13.994136
26.808506,12.951659
-12.417611,4.878316
7.637385,-20.946394
10.183019,-6.914793
-2.6070538,37.049076
59.72696,17.098133
28.393074,22.219912
6.0325303,-1.0284507
49.105152,1.0595573
0.13059987,43.238407
-9.266589,-24.571922
-25.618494,-7.9507976
46.937428,-12.053357
53.821243,16.271313
22.991604,1.028359
20.628944,-7.2058005
-30.045164,32.006428
22.330744,-12.432273
37.82311,5.8479533
-21.9578,-47.902157
-28.090319,-22.037579
-8.367296,-26.751047
22.68244,0.41734412
2.4832125,3.6076055
-17.991547,-26.63942
17.82861,33.669327
17.872906,33.418026
-27.574938,-10.619699
-8.143341,22.150896
25.152046,31.544975
44.668785,-1.868722
-28.451513,24.502516
-21.01811,-0.42868665
-24.387205,-31.594137
-20.739588,23.033113
7.743772,-3.00546
-30.63719,-2.9419408
29.300152,-17.983013
14.18538,3.6855018
28.705908,-32.737095
46.374245,-11.862874
15.362894,36.50532
6.6192913,33.910645
6.790476,-26.298239
1.3053927,28.0341
37.710835,0.64031017
4.9307075,16.332092
33.16684,2.0881798
-27.940031,-33.341114
3.8862805,-39.1522
4.461017,35.126396
-30.799797,-25.64177
33.691116,18.288548
-10.330709,7.246426
10.85135,-30.430513
-10.226565,12.981289
-51.837666,11.500349
21.192957,-19.844072
25.86208,33.429718
15.337063,-5.678278
-35.09734,-1.8833355
5.7512684,32.410038
14.180424,12.191978
13.108502,-5.517811
-22.658691,17.60042
10.0413065,18.376041
8.688268,19.730726
4.621308,0.15811613
16.935228,38.16797
11.268811,41.842045
-15.476447,-14.630286
30.032207,22.432436
51.789486,20.308254
-18.203676,-15.7979145
-15.305502,-13.964558
23.974136,-7.409398
0.42993608,-11.553349
2.5264266,38.629917
23.753437,-9.313684
-16.469332,-29.437405
30.843094,16.806253
23.380217,31.247896
-32.64463,-0.45213538
-9.63062,5.2871222
18.099985,-23.580858
-15.676187,4.2880106
38.287563,13.940599
28.30326,7.07991
-27.79916,-22.820383
43.358078,4.8205667
2.3851497,-5.3003564
26.632025,-5.3633747
-21.41006,38.388523
32.736134,-12.772316
7.982751,-3.991034
-40.390522,-13.743094
-29.92889,-14.701267
38.15067,3.4717517
-41.391273,-32.93625
-0.30769503,28.234232
-19.241798,5.926825
-13.009674,34.721443
-16.741634,-11.615743
-15.582356,32.67784
1.9630896,-35.005775
1.5482872,-7.725656
-34.08009,-15.143092
-34.126945,-17.192421
6.04947,-3.2781792
-8.669419,40.876667
-24.215118,-28.799343
-22.457085,-1.49881
-5.5702767,-25.701494
-16.373058,7.004241
53.580177,18.640045
-13.634659,-4.3154926
14.855525,6.600968
-28.703678,12.558631
-24.793743,14.603564
-10.2232,-22.542126
30.96653,27.668446
-9.11372,27.726511
-26.157862,0.9590034
-30.398792,-21.224072
39.21833,-8.779752
54.500782,1.9278862
15.591022,11.123118
-30.31608,0.747096
-35.99232,9.493853
-0.3953544,-20.457281
-0.076681346,11.742179
-3.9792693,-16.722307
-32.28189,-18.280401
9.060364,21.806055
-4.9745884,33.634933
12.05033,-7.7965803
9.6776705,2.657386
-28.81302,2.7928622
23.657856,-33.12128
-5.038783,-17.383211
-15.807878,26.35156
-26.718685,2.4143817
10.073224,3.610354
-38.233673,-10.949949
-4.6582026,13.444926
-19.346104,-20.044092
0.7865685,-16.851574
1.380972,-3.479791
-14.279669,25.715923
-13.481154,-13.723682
-0.88408077,23.011196
-17.985855,24.386536
-34.610027,-18.89734
-23.553314,27.119612
-18.002945,24.41118
12.150861,21.05731
29.04074,3.6410792
-24.126167,-34.04815
36.40995,8.441589
-1.5141293,-11.7981415
39.425682,1.2429177
41.172123,14.734518
-46.231483,5.0319176
23.159096,-9.393662
1.4612461,-19.452803
-15.909631,-10.310101
-23.663338,-4.0825143
17.670326,24.277695
-15.74885,11.957523
-21.74216,-26.84934
-38.400425,-5.0002303
-30.847885,-10.803765
-36.17755,-11.012237
-12.385512,20.37777
-17.61099,32.287327
18.957733,19.278011
3.4393327,-6.768223
-37.902496,-35.77237
2.7764652,-31.744207
-47.751175,15.808741
-42.5381,4.316495
-7.3591666,-20.687874
-20.24262,-28.238789
50.42647,12.839608
-40.69669,9.467454
-17.548399,-36.701996
-43.878044,-20.753382
-13.451964,47.881035
11.306347,17.728863
-10.753856,35.062794
4.1195426,-12.691528
16.699059,-20.058178
9.237931,-5.5372434
24.779692,-31.154497
15.689582,-7.7887306
32.670277,31.420273
-35.408913,6.275801
-1.3342046,45.302998
3.7153108,4.2249484
-28.319212,30.940302
13.024441,-2.1377065
52.555176,18.503841
26.924892,0.35021353
54.56537,20.002975
25.29554,4.9381857
-17.40088,-14.365416
43.58016,12.643669
31.495672,-16.851158
42.393486,-2.2408092
8.1308365,-41.364216
-15.19261,-6.9510717
-8.524939,9.5818405
-7.2364683,29.471806
-30.353329,29.04012
-48.970726,14.001183
-15.4656515,33.492416
8.706048,15.120502
-18.64231,7.540507
-33.72747,-9.177574
52.966835,-18.562933
-27.01186,20.262436
-8.785492,8.692882
9.75165,-4.480983
-48.315987,12.105794
1.9859021,4.047505
-24.523916,20.521297
-6.777394,-23.118523
-21.269258,21.3471
-26.284191,-19.871613
16.29385,-8.20257
53.28075,13.641514
14.584764,-43.30153
40.61394,-2.7599916
-34.20255,-22.515356
7.929266,5.025139
-22.01539,23.227291
41.83923,5.4751663
-25.656422,19.95968
-6.7737803,7.8571935
52.05578,15.803854
26.003496,-7.615944
-23.474863,-26.960201
-23.871164,-12.514039
38.399036,8.8113
20.41838,13.63242
14.16544,21.661913
30.157202,0.36950326
6.6818852,9.037239
-12.235357,30.810009
-27.156586,-23.495644
-0.1373088,-26.004314
-13.686198,11.776993
25.351767,-11.905746
-42.663433,-28.136986
24.164782,-5.9798045
-24.266073,-17.140326
14.585839,-43.301254
9.209205,-2.989385
8.969876,34.01632
24.05826,16.338125
7.543422,35.635044
7.799425,35.327427
-28.176151,-1.1701951
20.571802,16.17825
-49.437904,3.8710468
-31.242702,-13.368609
-27.372288,20.34933
-43.585022,-2.1804256
-16.784348,-20.238007
-21.552395,-19.149742
-22.640558,15.18795
-41.12773,-35.208904
-23.178146,25.5824
-38.5143,-6.1305065
4.203539,-32.369747
12.173341,-3.2426095
-33.457436,32.647152
-38.353146,-3.7953062
-15.134306,12.73282
-18.757828,0.76649266
-35.03438,18.249243
-13.726782,-16.07159
-9.449413,40.04922
-18.02814,-8.80319
23.889715,-0.7400377
19.597874,2.4766197
-15.957719,-37.9057
28.504082,-5.2441144
-28.03069,43.30163
-28.03069,43.30163
8.344042,-27.19486
-40.8955,-36.14708
-27.124708,-20.438713
53.3654,15.399519
-43.86658,15.631671
-38.262596,-2.646049
-42.61255,10.351765
-2.8475752,-21.303726
17.865402,-8.149442
-2.5607839,36.40189
36.452583,13.318874
39.027946,4.469896
-30.007565,-26.632832
40.803345,-0.75114936
10.7322445,-26.80761
4.568321,-7.2077584
41.1829,-5.734664
-0.60648704,42.632866
-12.51574,15.876945
44.114227,12.64374
-43.284866,-26.486452
21.267498,-24.400728
10.72007,-26.359789
-8.238867,-10.696694
-43.29976,-31.90537
-38.52765,-17.440475
-35.696163,-30.260103
-51.857353,7.8635926
37.987545,25.547758
50.253925,0.25404578
47.34816,-2.319214
15.420944,18.642746
-2.9681294,29.42783
38.117886,25.097834
-29.735634,15.051241
-12.792594,16.03645
-20.197319,-21.486809
-44.721172,4.4454803
-11.158587,-28.762842
30.128952,-32.47746
-25.412762,10.224555
-6.46309,-15.689249
31.117426,-20.9276
-7.001764,-20.690685
-9.987921,12.5096245
-29.205587,-23.830193
22.101498,-22.146538
7.988256,-17.316042
-31.421251,-7.788288
-13.267514,-3.5497324
10.689747,-30.163162
21.466154,8.983087
-19.96406,-15.026915
-3.9666572,-15.048348
41.453705,4.1101084
31.5728,-20.749954
-17.74716,9.614228
20.767193,-26.333067
22.75061,-28.556288
-6.8258204,-36.380676
-16.399902,9.7335205
10.719668,0.8142437
-31.950144,32.382286
-31.873257,-5.734034
-21.951323,-21.185928
42.744915,22.15458
29.355211,21.57497
12.1087885,-5.799306
-35.89244,-19.613956
-30.843431,-9.950661
52.335186,11.218352
-13.362657,-11.502475
-31.880424,-28.253538
-54.696102,8.993628
-7.641634,7.554502
12.658966,27.85329
45.798317,3.1484964
51.67662,17.554321
51.84852,-17.354307
17.416002,9.385555
-14.393891,2.7990897
50.497147,14.472112
-26.890062,-19.09894
-34.44493,-2.336741
-5.5968695,27.783941
17.301311,2.352912
-26.636211,-17.893944
-27.35555,-27.05309
43.133232,17.590363
4.5422525,-1.7141523
-27.257639,5.37761
-39.7546,-5.582143
17.088764,-11.437961
-1.1540887,-2.0752141
-16.708754,-16.38859
-20.629177,-23.185637
15.110479,-17.47942
-13.446924,-49.5447
-9.53471,-29.911362
-30.561918,33.74135
-30.99297,19.965164
-11.193837,15.941011
-43.429565,7.2897735
48.537483,13.800236
-0.25339162,-13.981146
-5.0301414,-32.313705
-38.807346,-4.8684673
-9.673167,3.5143845
-2.0473654,1.1412483
19.046614,-20.677809
58.741875,10.432111
59.837696,16.25064
52.50112,16.33965
8.092731,9.429569
-44.51496,13.61954
2.4404879,15.610807
2.767291,9.82775
38.86205,10.91398
22.922932,9.351845
25.047323,-11.360989
-27.002398,-25.013355
-21.419197,38.416023
12.932359,1.7939403
-31.872633,-28.2191
-18.19537,-18.008902
-9.229904,50.57258
9.464842,-0.26567993
25.676313,-37.316483
12.12217,-18.123945
38.90218,34.043537
27.454906,15.77643
19.176893,21.268847
17.0578,23.032207
-7.8630633,6.242651
-8.11377,-18.06017
37.408398,23.680899
6.0233073,-6.8455634
3.665377,3.7952332
15.824419,24.370764
-53.733955,13.51343
4.5741696,-12.333434
-15.064255,-18.637667
-2.3140264,-18.376223
8.341,1.1244419
-15.709681,8.774029
15.895319,-24.288504
-25.078804,-24.48274
19.705038,25.26307
-3.3924527,-12.408347
37.986435,-14.343059
-17.186014,-1.62268
8.939817,-48.269947
28.33086,-3.4978914
-26.55481,-41.18017
38.859818,33.64223
-17.814339,-24.81586
27.661829,6.505347
-31.17934,2.20094
53.340466,-19.92602
-0.48278177,-9.593895
-16.405558,-24.288378
-27.501837,16.131826
-18.417702,-20.605555
-32.234985,18.895258
22.753466,36.467354
-49.89862,2.1274288
22.014494,-26.059906
12.690113,-0.13741139
52.16656,14.513572
4.380265,-6.157269
-18.611523,-23.646446
-0.85126936,50.82428
-25.636208,-5.8813343
-16.31836,-30.284822
20.621683,-5.0278335
6.181968,-9.554603
-14.437881,2.8882363
22.355143,-32.690758
42.392963,12.569922
-25.761797,-41.249107
39.103745,36.22425
16.372528,-0.2950361
-25.512825,-8.287207
51.896877,17.312832
18.308033,-8.848957
52.974236,16.754858
54.69453,15.903919
-46.44475,3.4112792
-19.610899,-4.966559
7.168271,-4.867927
-0.98384035,16.215805
-8.44922,-42.149986
-14.541479,-26.170383
55.235477,16.647228
18.073362,-4.82052
53.21264,15.620891
47.872196,14.570883
-44.740055,-28.587502
38.375088,35.65521
-1.509077,-10.549878
1.9591252,19.132519
16.41305,-4.66567
-11.994125,-7.865077
-24.307478,-7.2698026
25.870409,15.342896
52.969704,-17.810022
47.713768,-3.5348876
-12.355872,-25.35235
29.859129,20.444538
54.11988,-18.0265
24.082176,-11.224958
-15.529586,6.766653
50.94641,16.512579
53.56559,-17.72323
-32.68677,-0.36853307
-1.0102589,-47.005566
52.98702,11.90052
20.927183,-10.702329
-46.346848,9.01094
11.844294,-4.567449
5.5435133,6.1299715
-11.824948,0.62035614
-30.149475,-15.052261
7.549165,-32.8678
15.843091,4.878867
53.820827,-17.533464
-49.130577,7.5799975
-26.445946,-35.231373
4.078732,4.3547277
14.472603,8.931048
22.423763,-10.746193
39.560806,35.079483
-0.59255964,-11.233694
38.088497,34.242626
22.284613,-3.667916
-3.0977936,9.60218
20.952278,-4.9949923
42.021103,-4.459537
43.241795,12.650142
12.505921,27.523436
24.761723,-37.501453
39.701847,35.17746
14.238479,1.6783901
-12.330662,5.063697
-4.4070983,23.31289
14.536761,28.052113
54.11988,-18.0265
16.506243,-37.389015
-3.8715644,47.230595
38.82201,32.439564
18.299185,21.908335
-23.613173,-21.562567
-23.36384,25.758188
-19.89693,-39.874077
-24.888676,-6.788743
-50.5103,9.126303
-18.575897,7.011001
59.858486,16.142193
22.470457,-10.799306
-32.507988,30.310776
47.05346,13.693289
53.822094,16.88441
26.917442,17.715208
-36.443527,3.6623433
25.238977,-9.969561
-20.904913,-14.248856
-8.041147,-27.938826
27.875628,15.3167715
-14.433537,-23.170094
-7.864729,44.931717
20.316526,-1.6270149
-18.10103,-12.733006
41.078056,33.663815
53.96749,18.353941
-32.419804,30.408848
43.78612,3.9065456
21.481512,9.105065
50.952633,22.216166
50.767822,14.060832
-12.241087,-6.9603705
49.04821,16.961018
6.158547,37.610023
6.957817,33.848083
-14.0203085,-23.481352
33.36792,-9.24415
41.203316,33.533237
-42.77363,10.836841
-29.947117,-22.459263
54.615673,-19.051977
6.0491295,-29.660404
28.696222,16.266064
38.868732,14.227772
-15.122166,-17.013853
13.939204,8.479873
36.944626,-6.2779484
12.729235,-13.068793
18.299181,21.908333
50.767822,14.060832
-16.509106,-36.84098
54.78097,13.869431
-4.2256866,-19.756432
26.1427,1.8780477
10.023171,-20.9469
52.00575,17.56973
-23.12605,33.945053
-17.354185,-11.189557
54.824852,14.901181
-11.045038,-19.577719
44.91546,10.070503
10.001686,41.201035
39.97657,33.75085
39.219704,3.1782324
-19.474411,20.88362
15.125784,-0.9728662
48.04384,15.955825
39.844875,13.851536
38.973167,35.065594
57.090416,14.381136
-38.747623,6.9548583
-36.452908,3.7390504
18.496933,-3.4925685
28.909086,-13.933565
-33.046963,34.494415
0.5849707,22.594122
-14.963547,-2.3790758
48.048798,17.595636
-1.6936766,1.2708158
-7.403173,39.15171
6.0255685,11.136153
37.41631,23.725876
-5.7161155,-11.469071
-9.391479,-14.039403
-25.545677,-33.4827
-34.24398,-34.029625
-13.055938,19.144049
-18.120405,-37.06366
-28.30974,0.7038461
-51.24025,10.734864
-8.97121,-10.907035
-4.10139,-20.201656
-32.7704,-14.141981
41.92027,0.8987903
7.0188594,35.385387
16.134033,-23.999111
1.9976012,19.748114
-10.419069,-29.838076
1.0567456,-15.471984
10.340348,-28.954906
5.170621,15.589668
-8.350995,23.7387
-18.6534,2.3034508
23.344534,-24.698923
-36.859085,-8.955652
23.672186,4.0210414
42.109436,-4.322822
-40.953247,25.01373
45.108532,26.44839
53.002506,-16.903784
29.755548,15.84832
8.424926,-23.461088
7.6986074,3.1784382
-5.4154944,49.633057
-1.6675776,49.560925
16.188452,3.2511451
-29.363737,-17.50928
19.805872,3.785203
-43.31572,28.648335
-21.118464,-6.830848
12.112571,18.999285
21.070404,2.0583546
-48.279327,12.508372
-1.1145093,-16.43052
11.0310335,0.5820716
-43.630844,27.882328
19.667479,-22.707941
55.957127,10.523485
-22.658573,-28.325346
-40.302593,-3.5478148
39.448376,4.1297884
-3.8409798,49.68107
-1.1724733,22.876968
-12.435215,4.1158953
-40.29695,28.418169
-42.485683,25.527775
-43.987442,25.693642
-21.194305,11.698191
-2.6383421,-23.655005
-44.66665,28.165844
-2.0816705,41.68872
-4.8653455,26.829842
-21.578468,-31.843578
-1.1885887,20.158136
-39.157684,8.595391
26.961037,9.687759
2.5658176,-14.421825
-45.819828,2.975408
-17.612253,-8.865141
2.0094407,-34.99954
35.12986,11.528464
11.887673,7.2605057
-10.620085,9.686515
22.754322,-33.354965
-9.635237,-4.088231
9.429525,-35.84518
-28.460733,-27.775074
44.0939,19.458391
-37.21611,-22.037643
-36.90385,-22.425512
-36.425983,-23.334423
-1.4381931,49.035347
-43.635403,29.536203
-4.173872,46.460094
-20.558275,22.12174
-11.871187,39.72589
-6.1600986,49.94417
6.281164,28.51614
22.675201,-13.520179
17.854607,34.573544
-22.496002,19.098429
18.476885,-24.388445
-40.36643,29.587315
-8.007104,-1.4060012
-24.100937,-27.159674
-16.684801,21.790255
10.140804,8.738808
-23.85065,-1.1643411
-42.52601,27.546827
16.844664,31.292648
-33.916397,-26.259
4.427129,24.927158
50.4378,13.949473
-45.721195,26.943302
-15.977765,-16.017023
38.330902,11.950431
-24.726978,-23.615196
-4.4990335,12.991203
-43.288033,25.431612
-43.794792,25.195047
36.652225,5.2066975
1.770295,18.466623
4.5860586,7.585931
-31.369463,-23.214043
-11.3507595,-9.874628
12.923332,-7.066848
-41.071136,28.505188
-22.725859,35.13779
-44.544243,8.075869
-44.461575,12.432738
-42.45172,-32.32297
32.508274,-5.566448
-42.63578,32.769737
-45.350784,31.782177
-42.63578,32.769737
-45.350784,31.782177
52.98171,17.904661
-10.40914,9.657146
-32.69022,10.53058
15.287691,-22.436531
-10.221716,21.911875
-43.528675,29.910551
20.312777,-21.631716
-4.344173,15.117899
-45.319687,28.312729
-0.6507147,22.896332
36.685413,3.4341528
-20.802874,22.333961
-16.297785,-28.982336
-32.91482,-28.842659
-0.90247625,-16.496614
-8.277555,32.39477
-40.399513,27.045263
12.167519,4.358781
-27.758741,30.605864
-32.960526,-19.845953
-40.126385,27.608131
-0.93893653,-5.8124404
-33.29554,14.443047
54.634895,-16.629488
23.09468,-4.1544986
16.923237,-1.2628103
23.343283,29.011593
28.33962,15.06374
-30.287018,-40.590607
-32.06644,14.192974
22.032837,29.112839
-0.7411644,7.8851604
58.00846,12.449636
44.887363,9.989728
16.941282,-8.904782
26.789494,0.5516645
6.3353224,7.7000747
-7.306208,-15.619066
39.495365,15.326803
21.871283,-1.6537795
-19.719933,-37.54644
40.80262,2.8299434
35.70231,9.297013
-2.4587955,-36.997387
-17.046364,-36.356113
47.064495,15.002611
-5.2315893,-8.339687
-34.756824,-34.063072
-24.470293,-10.080608
49.572342,18.367926
21.224283,29.194794
19.842531,22.913696
19.872189,-26.373938
-10.998392,-29.287127
-22.011276,-22.011196
6.778754,44.14306
5.1209006,43.0693
21.311186,-5.0519986
-3.42568,-1.3665252
-21.417204,29.401615
2.0935633,-12.657092
-31.980993,15.54838
3.5235543,12.665856
54.57969,17.559864
-20.426228,-24.955143
-3.0178416,9.732219
22.331532,23.88173
24.805702,16.048542
49.53425,3.5414212
15.0495825,-9.603043
-16.04395,-17.550835
18.371492,-18.13986
-41.55997,-35.06711
-30.403212,-35.52366
-10.016273,-5.9985895
37.49386,-25.156292
-50.88016,8.853546
-22.107702,10.8779335
-21.699244,11.659196
1.9079174,-21.34247
-44.59083,11.763952
-18.6328,-35.824528
-13.3865595,-5.2394443
45.18343,16.453487
13.4482765,-4.025819
-28.808304,-1.5663966
17.954329,2.0823898
-35.750187,-24.549131
13.801516,-19.706087
49.587837,-6.744899
45.258953,-0.32168794
20.263296,9.621606
14.908933,-16.477964
-12.732278,-1.7222629
6.830904,12.139473
51.596916,-4.8898435
-12.823954,-46.333908
-43.276062,9.657585
9.434514,-14.471993
6.0505366,18.012688
-33.59307,-23.147936
1.5634964,12.074466
-4.576316,-46.758736
44.930885,23.634935
42.53595,1.773636
36.054184,-3.4078453
15.418429,13.653476
33.50684,-10.194745
-22.458141,-14.75003
43.83259,8.154103
-22.563864,-6.8849673
17.443695,-6.2719765
32.292168,-17.864468
25.008232,-10.365154
13.108454,-5.51776
-33.473194,-36.991867
38.27128,18.820744
44.022938,2.5960257
-38.757866,17.675323
43.47038,23.86053
32.730324,-9.088234
43.997833,18.066801
36.42365,9.112077
25.988342,-30.457294
-1.1637188,-7.163101
-27.302593,-32.785152
-33.19699,34.552094
32.451164,-20.798828
-35.19281,16.576557
16.153658,-27.853302
31.5728,-20.749954
25.886795,-25.0391
-18.799461,-26.58272
40.358185,1.5913728
10.027647,6.884731
14.314414,-6.0662713
32.783398,-9.863244
47.046352,23.788652
16.493147,-12.327539
45.905907,24.119328
32.442055,-12.930846
45.09591,22.316475
25.170626,-8.086449
-46.5013,5.3411217
46.1706,23.5478
17.78801,-0.8669727
18.51067,-11.590117
47.54568,25.356562
23.889734,-0.74003524
-19.42995,15.228936
33.72418,-7.6108794
10.592134,5.6995606
-26.829264,9.20321
29.144627,-21.091421
13.830839,-4.308168
34.328762,-6.7200866
-3.7322257,-38.049225
25.140625,6.1003704
32.765022,-9.7155
37.08676,17.729961
-15.497475,-27.072405
39.98053,18.054625
-37.348392,5.465526
7.959705,-0.9708918
15.345971,-10.493521
8.108771,-3.6573482
30.618887,17.475725
35.180836,-9.560924
44.579273,24.19371
0.121809535,-19.408958
-33.97625,-13.404293
12.488725,-4.515526
10.503891,-3.84085
30.64835,17.48997
23.956516,35.686283
43.02199,18.978737
31.420242,7.996437
19.639046,14.06718
12.07183,-15.747408
36.406677,-8.436637
38.837994,17.870352
37.656647,-7.2434096
35.628326,-9.687119
13.269909,-2.5998876
47.018997,-7.503922
-48.510788,10.958293
-39.40387,-20.729038
27.607828,17.760864
14.220323,-2.9679215
19.22306,-8.19513
34.01023,-7.973862
-50.489716,15.191716
32.096355,-9.600316
-9.802789,-11.6043825
-39.38661,-18.315935
18.74663,-14.513921
-18.1778,3.6108065
0.27538136,14.266394
42.902576,17.065413
-21.749832,-34.88244
-41.75264,9.820799
-43.594368,14.152523
-30.929276,5.0304666
-8.622477,-4.354716
30.742067,14.1985035
25.067892,-10.415253
38.37404,15.421934
-0.74007756,-7.202578
16.373102,8.075637
9.740018,41.260868
37.725807,14.659754
-5.9644017,41.16601
-45.894287,-11.500912
-13.751279,-6.522271
-20.880972,-14.050668
-32.943386,-8.4322
16.992699,20.705347
9.422786,33.75298
-25.612822,11.540883
0.07342961,45.904907
-12.357437,29.387463
-15.401283,-24.620792
12.228319,11.902771
-41.034184,9.788227
-23.148249,-17.760237
-23.210522,7.868337
-30.808037,-23.79578
-44.73356,6.5636187
11.428213,42.060234
39.834797,-9.980423
42.29697,-10.2960825
-12.111732,-21.217436
-11.910182,5.7518888
-23.746777,9.720634
9.061867,22.245289
-1.6861755,42.767895
-12.092704,28.716295
-18.956205,-8.505011
-24.994444,-35.598682
-29.798727,31.637331
-22.387285,35.404247
1.8377699,43.437054
-16.980314,35.972378
9.641776,2.3996859
-24.797256,16.94468
32.686058,-11.394745
52.47371,5.4056325
5.5336213,33.558968
-25.070518,-3.998226
-0.8241174,11.3329525
25.18337,-19.810936
19.284193,-30.300255
-8.806028,-8.450933
1.8213376,-9.5089655
-22.824955,-3.9145112
0.40291855,-19.075443
-20.426683,-29.618439
51.14519,4.432185
-22.346382,-3.7067761
10.489469,12.196499
-26.174797,8.001033
-17.690498,-34.17876
9.724581,-4.435696
-19.369024,-9.654345
9.253117,-9.853606
18.420843,-15.314846
-8.93218,-20.255913
-40.684654,-5.986456
-47.316536,0.34580594
17.182142,4.090231
-43.328033,1.0076765
-24.542618,-29.653725
-21.848877,-1.1342092
-4.022252,32.571213
-13.848038,-32.8995
-7.2045155,-13.033629
1.5279775,7.1584806
53.07567,3.0103576
-6.7894297,39.79641
-11.469841,25.4859
-8.272262,-3.8908203
-20.767782,25.082733
-3.5129035,30.552462
38.13952,-19.656092
29.809828,-32.545895
36.566833,-11.574842
13.562161,5.4130945
-9.190339,18.295904
-6.011491,12.140266
6.197214,-9.717927
11.52546,9.683968
19.667189,-22.708115
-8.71216,33.6047
-16.357258,14.019142
-46.040394,10.70284
6.297189,14.088344
-11.366408,25.364819
15.60304,-2.2862499
-7.5375843,18.412743
-18.797161,-33.063965
35.091293,3.9513674
21.871485,-1.6539838
-49.67082,11.541859
-10.804922,-30.385046
0.90928566,-16.422562
10.633768,-8.073112
22.41328,-34.622932
-19.246801,-8.047306
-15.881545,29.778753
-46.8228,18.537016
-10.673235,14.336442
14.343817,37.42338
-48.849022,-15.972772
-39.349087,13.48184
47.388844,25.503082
26.965195,31.32154
-18.454903,27.24779
-26.572124,1.8375595
-31.050674,-19.217537
23.408314,-33.975216
38.13747,-19.643858
3.912332,-22.262737
-18.645264,-42.13222
-15.383331,18.68485
-42.235645,13.342923
-38.532265,14.351337
-6.9563456,40.803898
19.921688,6.5441
10.879435,-5.418447
-7.8479156,17.483215
-15.839278,21.39648
-19.590418,-41.865974
15.391559,36.604332
30.5568,-32.46932
2.1406522,-21.712126
-8.73372,18.121552
-13.30116,16.15068
-6.6029806,11.442109
-4.577098,-16.297106
-0.090332165,2.8394928
-25.476763,-31.739136
3.3364246,-25.582571
-18.522266,27.270853
-22.358158,4.2987804
26.393265,5.522002
36.34398,-10.575146
-4.9044456,14.432756
-9.461342,18.32323
-23.668829,29.13348
-34.885376,-21.898369
4.199004,-4.6033626
-5.1959896,-37.46057
-53.141422,13.046498
-51.735302,12.048895
-24.176638,12.070013
-5.860491,-31.847271
-25.896769,3.3254185
3.5934925,42.964237
-20.078772,7.812149
-24.51329,6.7062755
11.222647,13.543899
-10.645669,-13.849091
-26.964243,30.10088
-8.360231,38.74481
15.113956,12.935968
-3.3039715,48.167606
-25.92153,-26.174356
-20.429249,30.09606
-21.209839,-6.0214014
-24.266787,-1.5434936
3.7968593,23.416506
46.419548,22.89118
-39.45693,-18.478626
-15.269259,-4.5965466
-21.441692,29.44928
-32.119427,19.563625
5.900079,13.34118
-1.1258065,48.009293
17.055952,15.254985
-6.8529644,25.702745
-41.558258,6.500847
14.941358,-0.25182453
3.9125314,24.916859
-0.2429055,45.889194
-40.005642,-14.470233
-17.99775,8.344613
-4.733876,13.772012
30.55729,-8.147623
-24.686392,5.004615
-15.848413,26.3107
8.981586,8.929017
-23.652418,6.458996
-10.000723,-17.596577
10.431096,11.93813
44.51863,-17.565687
13.662335,17.971863
-47.300076,4.916797
-36.567974,-27.872414
13.978969,17.084167
-43.872696,-36.268387
-36.462646,-14.559833
46.613964,6.1387687
-44.73086,-35.417824
-50.466534,1.4095714
-39.34365,-26.441772
-14.049708,-44.6511
-10.296139,-1.1051226
7.6712365,-41.288372
-37.999935,27.731314
-27.787556,-17.159428
-2.5672417,46.75717
24.662338,-33.806553
-41.916046,-36.050564
-42.297092,6.288571
-3.5758402,2.7769227
53.15837,5.8489275
-12.9236555,-18.642448
-41.697372,4.0837746
-37.801422,-31.5126
-29.532784,33.109447
-29.293596,-25.372793
-3.4931116,3.4202964
3.3601649,25.108263
-3.246153,-36.443226
18.45073,-25.932936
-33.75812,18.310411
-3.834394,-34.43677
-7.372705,-37.57455
16.413065,14.228685
-15.618829,16.664963
-17.813986,11.335114
-13.753267,-9.161046
10.679826,-10.628969
44.869976,-16.79365
-45.2126,0.44025818
-24.695045,-27.827517
-24.598948,-39.446186
-14.166092,-46.513115
-47.603928,2.347163
-27.970957,-17.104809
-2.196921,12.766117
-34.949547,-34.893764
-48.439266,1.47011
-7.7422504,-6.8928194
-4.9618316,40.875957
-16.540533,22.399607
-7.676186,26.507174
-42.002506,-10.820289
-13.424473,5.920685
-10.466658,34.953964
-26.260761,12.75188
-37.438416,11.336909
-9.27212,33.820316
51.59023,0.1373027
42.849934,-0.9823759
12.477198,-12.799218
11.54191,-39.347103
1.9573516,11.274937
-11.764517,1.7823455
-12.390769,-12.703637
-24.6797,24.43204
-28.075212,-29.128815
-37.265755,-32.370296
45.03764,23.218462
-47.159718,11.486175
5.6990547,-36.421154
-42.83757,-1.0228379
-22.178127,1.1810825
-45.37787,-1.0149145
3.9221258,-37.93051
-9.060655,1.3964998
4.788995,39.993454
14.645732,11.221041
-16.983536,36.733093
-5.7863626,27.676292
15.050306,10.788007
-15.859158,22.908743
-6.8399153,40.822556
35.022064,16.500513
-48.43679,1.5467988
-44.056072,-36.134754
53.240448,-5.4719567
-6.4023743,14.66508
-40.560047,-0.27290156
-38.563705,0.39668953
-27.605179,-4.9108133
-27.945837,-5.0777016
-43.64958,-37.57321
-48.612755,-4.5978403
-29.037191,-37.897118
-13.962494,-47.049694
8.384501,-29.75327
-31.768188,2.9908726
-21.33398,-24.952381
-29.44187,-30.70977
7.1996365,-9.259854
-12.563264,-45.73772
47.00134,5.8792434
-15.665279,-21.687828
-8.605321,21.562056
-23.029737,-12.443375
-26.697836,12.418058
10.258814,14.469639
-19.33339,15.675463
-11.894838,-3.5966132
10.781904,-2.5334454
-15.302711,28.671513
-29.690746,-17.724964
15.3205595,12.766938
12.044285,-26.527584
-22.73426,-23.224228
-2.4201374,-43.06352
-50.621536,17.879255
15.864881,-6.562727
-39.36326,-26.482855
20.751568,-7.5013323
-28.286388,-7.460518
-10.859183,-34.37489
-3.853609,8.807602
-30.32552,-30.122425
4.3884244,41.712944
4.444715,41.46462
6.796869,34.415787
-10.148082,39.618813
16.047373,1.3464149
-27.962168,8.250864
0.9279393,36.15369
8.723276,-11.734686
19.667456,-22.707983
-16.092657,-22.785284
-5.7151756,-34.69826
5.790592,12.6132765
7.489947,31.469088
3.7080636,41.61219
14.55678,-4.8881783
-30.316917,29.34681
-43.2616,-20.635798
-9.645645,40.35274
20.484587,-22.817917
17.992374,-11.71493
-20.24168,-28.24835
-28.245619,11.028327
-29.01963,-12.72268
2.8676515,-17.815195
-11.77309,-37.233883
3.778807,6.4600697
-6.8813257,15.266625
39.863316,-0.09998838
-36.27193,19.96265
-4.6731215,-46.807487
14.478082,-7.1087227
10.567812,16.665255
-32.824314,21.015951
32.194366,2.4202106
12.032484,24.116661
11.88478,32.59777
46.287666,26.551409
45.644665,25.115944
19.978327,-0.7127125
21.259632,-24.064892
19.645695,-23.928612
-24.766552,-18.693945
-24.597372,-19.044216
-24.930988,-39.43661
-17.509127,-23.69954
44.05408,25.330683
39.034245,0.9668717
34.236645,21.496498
33.7326,3.4069376
21.312262,-0.43812567
-5.769129,3.5212789
51.919254,-6.6485605
-25.982735,-22.11349
14.142483,37.785538
25.400562,23.542027
-37.997246,6.4507847
27.063637,5.8992395
-43.77547,14.275424
-18.024847,-10.064245
30.22741,15.985072
25.38403,23.540396
-22.937405,-46.652145
21.207716,-31.369978
42.1519,19.167776
35.016132,1.2534987
39.42111,6.7738357
36.7747,11.210606
-1.3651108,46.552868
21.894363,-31.871788
39.855015,6.6791844
-23.38984,-47.7312
-40.317585,-32.70598
-11.609185,12.029737
-47.951664,-6.532648
0.77093107,29.057503
-1.4664882,17.230923
13.140217,18.149376
32.220444,5.9729767
1.1868428,10.386664
1.2166195,29.825516
-30.529835,17.40861
-3.0084894,25.799822
35.985058,17.470928
-11.193722,-27.586464
22.449125,23.853521
40.894554,-2.6564624
44.468903,6.2956657
0.78874457,46.542248
-11.773192,27.97134
-15.716503,-25.867012
5.1637554,-9.094399
-9.764225,-15.335117
18.207287,-22.197962
-42.71942,8.922478
-8.188435,-7.8325624
-48.3251,-5.1322894
-43.597435,18.530363
-30.462702,11.503298
-41.035667,4.0093794
-19.92268,-32.80532
-47.220028,6.3400273
-21.056765,-41.556133
14.973886,-22.062561
46.395905,0.86034787
-36.22824,-12.230662
16.754263,11.357622
-10.905518,42.37432
-11.230643,42.679886
-25.946177,-28.826529
-16.47378,41.148247
38.83479,-0.91871375
-22.95283,-11.8326025
-28.717691,-39.019268
-29.911583,7.3264074
-28.723532,-25.831072
-29.85925,-27.403189
-22.418026,-8.796971
-27.28395,4.8498297
-3.051468,29.635134
-1.6235063,50.614697
37.810898,2.602718
6.383557,-1.7766608
-22.902159,-47.18395
8.9980345,20.99569
38.31469,16.36629
-16.075472,-47.50016
26.574863,14.793972
-43.69794,-34.31606
-39.407906,-26.017532
-38.682785,-30.055357
-12.113934,20.971018
-13.518671,-47.50476
16.27487,-32.219696
-44.479515,-35.620346
-48.645264,0.0804259
21.898428,-16.303196
-6.2431493,38.481182
-8.07344,44.719242
-43.988388,10.375659
29.783436,20.620932
-32.620792,-30.364056
3.4262462,-26.377192
-26.918365,-13.063272
-26.918306,-13.073949
46.95151,6.348773
23.087696,-7.937408
44.626358,7.9170346
26.438206,1.3975325
35.279903,-2.9839916
-46.166084,11.991889
-8.041634,0.65077317
4.603646,-5.3497477
-7.1957216,4.2185555
24.022352,10.567153
8.038479,-6.1102405
7.9813004,13.215987
-33.504803,-4.019945
-17.08514,-27.35021
1.6442895,-44.68125
-36.10056,-13.52604
1.6280338,-44.685844
-28.037758,-37.80273
44.874123,0.6497804
37.02433,18.049486
38.000217,15.561743
-47.439068,12.822039
-21.706728,14.628563
37.538284,18.041357
-43.662334,-21.21891
0.61890113,-21.662611
-15.897252,-4.744243
-22.543343,5.254847
29.362467,11.997326
-25.483013,-36.375248
21.287157,13.553978
-0.06424243,-45.07659
20.497583,6.361117
-29.952297,14.701887
3.081683,40.89188
5.388494,6.3368587
32.265503,15.704572
-35.63344,-12.846159
-31.151924,-13.188078
39.61236,26.267925
15.003931,11.735655
19.223104,10.106939
-39.324165,-35.841248
-8.330031,13.346774
25.837246,-13.114006
17.171036,0.2592424
-7.8228455,-1.6565937
0.7967531,-18.518732
2.6990402,-8.654024
18.905184,0.3795106
19.940964,0.023412801
-6.973761,27.83599
-29.21039,9.604324
40.23147,20.921185
-16.76649,-22.469223
-19.903803,-10.288904
-13.835651,-5.746504
0.47920486,-20.489552
11.248383,-1.416406
4.5171824,-16.200792
-45.58445,12.018494
8.216848,-7.923016
-51.84095,7.916113
27.06346,-9.315526
0.9710713,-22.824251
3.6676986,-19.199877
-47.05716,14.000347
-24.35298,8.378046
11.782128,-34.40892
1.4231876,-28.895409
-12.504836,-0.5590739
21.6488,19.77346
4.679933,11.85424
21.696419,19.688213
6.308455,1.3342631
16.571598,-25.917782
-2.9266071,-23.60583
6.891108,44.24167
6.360125,22.324415
12.406074,-3.9555519
18.029911,16.266613
-1.1743736,44.30347
-10.25363,13.505698
43.890293,-6.106022
-37.80691,-13.473337
-18.013367,-38.132336
24.28612,-38.44088
52.839,-7.4265265
-12.882988,-48.645626
51.892567,-6.755884
-12.35234,-17.648335
-42.013103,-35.369553
22.580824,6.3093195
17.349167,-12.745836
6.248069,-14.058307
14.736298,15.02203
-20.107214,3.7758121
22.861383,-28.839231
14.483596,10.088239
-1.1802254,-6.2322464
-1.1788589,-4.5220246
36.22108,14.231483
26.54433,28.112492
60.728245,3.8935013
14.476007,-25.55358
-51.523174,17.89647
-47.07297,11.663407
28.917171,16.517622
-38.23779,6.60606
-8.578629,7.725035
60.726498,3.8920684
-12.694835,-24.653511
26.3738,28.272085
-0.82546514,-21.485905
-11.910375,-25.602818
23.62463,-30.953573
-5.6928186,-26.91634
-5.7827682,-3.068065
-5.283349,-3.8077083
-4.017069,-4.2293696
-23.106373,-24.01881
0.29898447,-21.511026
-4.799551,-5.0248837
40.114098,20.303503
-14.680773,-24.124397
33.276787,-1.6547607
-33.520256,-37.071835
-5.6421213,-13.855799
-17.85602,-3.9471726
-8.174004,6.5080266
-6.364023,29.108347
24.381027,27.929794
-47.165886,-16.370653
39.845657,-10.334609
25.39332,5.828161
-3.8366556,35.37172
38.612362,-1.7257445
-27.34605,-15.661673
1.8905412,1.0983502
-17.193771,-37.474567
8.677769,-12.142991
-7.929077,1.5102191
17.301163,2.3525298
11.82804,16.829056
17.738008,6.064625
-9.969066,50.23604
-44.172348,-0.40649638
17.74937,6.0944414
30.361397,20.53621
9.2893095,39.886536
-21.205854,6.0265965
-33.16711,1.8038685
8.945687,-2.6233797
-5.2948103,19.69025
-25.67748,-23.713938
25.87705,32.359303
42.663773,7.751297
-30.927805,-32.496002
-23.529959,-33.366627
-33.947994,-27.37598
-2.5736022,-9.309185
17.445683,-2.737839
15.292137,18.878675
-27.524563,13.902556
-21.676895,-16.1926
